Emp ID,Name Prefix,First Name,Middle Initial,Last Name,E Mail
958326,Mr.,Larry,T,Miller,larry.miller@shell.com
447813,Mrs.,Ann,Q,Coleman,ann.coleman@ibm.com
525955,Drs.,Judy,C,Gonzales,judy.gonzales@gmail.com
818384,Mr.,Peter,X,Washington,peter.washington@bp.com
971640,Prof.,Clarence,A,Ross,clarence.ross@apple.com
253573,Ms.,Sharon,E,Lopez,sharon.lopez@gmail.com
904898,Drs.,Ann,Q,Cooper,ann.cooper@exxonmobil.com
515103,Ms.,Anne,A,Perez,anne.perez@sbcglobal.net
491943,Mrs.,Nancy,P,Howard,nancy.howard@gmail.com
750173,Mr.,Antonio,R,Roberts,antonio.roberts@hotmail.com
687017,Ms.,Frances,P,Watson,frances.watson@outlook.com
241882,Ms.,Debra,G,Wood,debra.wood@hotmail.com
758872,Mr.,Henry,Y,Jenkins,henry.jenkins@hotmail.com
940922,Hon.,Melissa,X,Butler,melissa.butler@hotmail.com
917937,Mr.,Todd,H,Hall,todd.hall@yahoo.com
917395,Hon.,Christopher,D,Nelson,christopher.nelson@aol.com
183071,Drs.,Andrea,P,Garcia,andrea.garcia@aol.com
316110,Mr.,Jeremy,I,Sanchez,jeremy.sanchez@hotmail.com
293459,Mr.,Steven,J,Phillips,steven.phillips@hotmail.com
732017,Ms.,Cynthia,J,Ramirez,cynthia.ramirez@btinternet.com
915638,Dr.,Jason,W,Anderson,jason.anderson@gmail.com
478003,Hon.,Cynthia,X,White,cynthia.white@gmail.com
951225,Ms.,Margaret,N,Brooks,margaret.brooks@gmail.com
883936,Mr.,Douglas,I,Flores,douglas.flores@gmail.com
528673,Hon.,Paul,V,Watson,paul.watson@hotmail.com
765850,Mrs.,Linda,R,Moore,linda.moore@gmail.com
262382,Ms.,Cheryl,O,Miller,cheryl.miller@ntlworld.com
870820,Ms.,Martha,G,Washington,martha.washington@aol.com
806955,Mr.,William,G,Hernandez,william.hernandez@rediffmail.com
325319,Hon.,Carolyn,F,Price,carolyn.price@yahoo.com
623253,Mrs.,Ruby,Q,Stewart,ruby.stewart@gmail.com
225925,Mr.,Paul,D,Cooper,paul.cooper@gmail.com
761821,Mr.,Ernest,G,Washington,ernest.washington@msn.com
400173,Ms.,Dorothy,K,Edwards,dorothy.edwards@hotmail.co.uk
802554,Mr.,Ryan,V,Alexander,ryan.alexander@shell.com
476433,Ms.,Lillian,N,Mitchell,lillian.mitchell@shaw.ca
533952,Ms.,Kelly,R,Adams,kelly.adams@bp.com
623929,Prof.,Jimmy,R,Howard,jimmy.howard@yahoo.com
844177,Ms.,Margaret,T,Allen,margaret.allen@gmail.com
212893,Ms.,Janet,Y,Henderson,janet.henderson@ntlworld.com
185032,Mr.,Eugene,D,Perez,eugene.perez@exxonmobil.com
867084,Ms.,Deborah,E,Smith,deborah.smith@yahoo.com
969964,Hon.,Janice,S,Parker,janice.parker@yahoo.com
158666,Ms.,Rebecca,A,Stewart,rebecca.stewart@gmail.com
489424,Dr.,Phillip,F,White,phillip.white@gmail.com
639892,Mr.,Jose,K,Hill,jose.hill@hotmail.com
704709,Dr.,Harold,Z,Nelson,harold.nelson@gmail.com
461593,Ms.,Nicole,O,Ward,nicole.ward@yahoo.com
392491,Mrs.,Theresa,R,Murphy,theresa.murphy@gmail.com
495141,Drs.,Tammy,B,Young,tammy.young@comcast.net
677509,Drs.,Lois,H,Walker,lois.walker@hotmail.com
940761,Ms.,Brenda,S,Robinson,brenda.robinson@gmail.com
428945,Dr.,Joe,W,Robinson,joe.robinson@gmail.com
408351,Drs.,Diane,I,Evans,diane.evans@yahoo.com
193819,Mr.,Benjamin,R,Russell,benjamin.russell@charter.net
499687,Mr.,Patrick,F,Bailey,patrick.bailey@aol.com
539712,Ms.,Nancy,T,Baker,nancy.baker@bp.com
380086,Mrs.,Carol,V,Murphy,carol.murphy@gmail.com
477616,Hon.,Frances,B,Young,frances.young@gmail.com
162402,Hon.,Diana,T,Peterson,diana.peterson@hotmail.co.uk
231469,Mr.,Ralph,L,Flores,ralph.flores@yahoo.com
153989,Prof.,Jack,C,Alexander,jack.alexander@gmail.com
386158,Mrs.,Melissa,Q,King,melissa.king@comcast.net
301576,Hon.,Wayne,G,Watson,wayne.watson@gmail.com
441771,Mrs.,Cheryl,O,Scott,cheryl.scott@gmail.com
528509,Hon.,Paula,G,Diaz,paula.diaz@gmail.com
912990,Mr.,Joshua,T,Stewart,joshua.stewart@yahoo.ca
214352,Ms.,Theresa,G,Lee,theresa.lee@gmail.com
890290,Hon.,Julia,S,Scott,julia.scott@apple.com
622406,Mr.,Thomas,Q,Lewis,thomas.lewis@gmail.com
979607,Ms.,Carol,J,Edwards,carol.edwards@msn.com
969580,Prof.,Matthew,L,Turner,matthew.turner@gmail.com
426038,Hon.,Joan,C,Stewart,joan.stewart@yahoo.com
388642,Mrs.,Ruby,R,Rogers,ruby.rogers@gmail.com
560455,Ms.,Carolyn,V,Hayes,carolyn.hayes@hotmail.co.uk
477253,Mrs.,Anne,L,Russell,anne.russell@ibm.com
263480,Hon.,Daniel,K,Cooper,daniel.cooper@yahoo.com
683826,Mr.,Roger,L,Roberts,roger.roberts@gmail.com
474599,Drs.,Maria,W,Walker,maria.walker@microsoft.com
335732,Ms.,Brenda,M,Butler,brenda.butler@gmail.com
329752,Hon.,Lillian,X,Brown,lillian.brown@aol.com
893212,Ms.,Amy,B,Howard,amy.howard@aol.com
621833,Mr.,Gregory,X,Edwards,gregory.edwards@outlook.com
456747,Mr.,Roy,Z,Griffin,roy.griffin@yahoo.com
278556,Prof.,Richard,Y,Mitchell,richard.mitchell@verizon.net
333476,Hon.,Mary,P,Wilson,mary.wilson@sbcglobal.net
218791,Mr.,Aaron,N,Price,aaron.price@bp.com
134841,Ms.,Donna,R,Brown,donna.brown@aol.com
726264,Hon.,Carl,N,Collins,carl.collins@yahoo.com
766610,Ms.,Joyce,E,Jenkins,joyce.jenkins@aol.com
923947,Ms.,Mary,G,Bryant,mary.bryant@verizon.net
227922,Hon.,Amanda,M,Hughes,amanda.hughes@rediffmail.com
265813,Hon.,Jack,E,Campbell,jack.campbell@gmail.com
247137,Mr.,Alan,E,Rivera,alan.rivera@apple.com
407061,Ms.,Elizabeth,Q,Jackson,elizabeth.jackson@aol.com
226714,Drs.,Nancy,L,Davis,nancy.davis@ibm.com
702813,Mr.,Ernest,D,Martinez,ernest.martinez@gmail.com
524896,Ms.,Judy,Y,Hernandez,judy.hernandez@gmail.com
